project,total
Outreach,38.733333333333334
gateway-get-real,138.66666666666666
