project,total
Outreach,10.266666666666667
gateway-get-real,48.266666666666666
