project,total
Outreach,133.28333333333333
gateway-get-real,20.633333333333333
